{"cameraMode":{"drawMode":0,"name":"Shaded","section":"Shading Mode"},"sceneLighting":true,"audioPlay":false,"sceneViewState":{"showFog":true,"showMaterialUpdate":true,"showSkybox":true,"showFlares":true,"showImageEffects":true,"showParticleSystems":true},"in2DMode":false,"pivot":{"x":0.0840001106262207,"y":-0.07000000029802323,"z":0.5409998893737793},"rotation":{"x":-0.3165082335472107,"y":-0.22485080361366273,"z":0.07725172489881516,"w":-0.9184591770172119},"size":5.217606544494629,"orthographic":false}