{"cameraMode":{"drawMode":0,"name":"Shaded","section":"Shading Mode"},"sceneLighting":true,"audioPlay":false,"sceneViewState":{"showFog":true,"showMaterialUpdate":true,"showSkybox":true,"showFlares":true,"showImageEffects":true,"showParticleSystems":true},"in2DMode":false,"pivot":{"x":0.203000009059906,"y":4.3243513107299809,"z":5.53000020980835},"rotation":{"x":0.005076687317341566,"y":0.9795892238616943,"z":-0.2014191746711731,"w":0.019501643255352975},"size":2.0660252571105959,"orthographic":false}