{"cameraMode":{"drawMode":0,"name":"Shaded","section":"Shading Mode"},"sceneLighting":true,"audioPlay":false,"sceneViewState":{"showFog":true,"showMaterialUpdate":true,"showSkybox":true,"showFlares":true,"showImageEffects":true,"showParticleSystems":true},"in2DMode":false,"pivot":{"x":0.0840001106262207,"y":1.2200000286102296,"z":0.5409998893737793},"rotation":{"x":-0.3596479892730713,"y":0.08129777759313584,"z":-0.03157861903309822,"w":-0.929181694984436},"size":2.5489890575408937,"orthographic":false}