{"cameraMode":{"drawMode":0,"name":"Shaded","section":"Shading Mode"},"sceneLighting":true,"audioPlay":false,"sceneViewState":{"showFog":true,"showMaterialUpdate":true,"showSkybox":true,"showFlares":true,"showImageEffects":true,"showParticleSystems":true},"in2DMode":false,"pivot":{"x":-1.4303572177886963,"y":2.4122657775878908,"z":0.15009832382202149},"rotation":{"x":-0.11982119828462601,"y":0.5412808060646057,"z":-0.07960395514965058,"w":-0.8287727236747742},"size":3.130127191543579,"orthographic":false}